EMP1001	Aarav	Sharma	aarav.sharma001@smartnavigator.com	9000013791	Data Analytics	Data Analyst	Priya Menon	Hyderabad	Remote	Active	0.9	3.0	SQL; Power BI; Python; Tableau	Google Data Analytics; SQL Intermediate	2026-06-19	08:55	17:30	Present	8.58	Home	12	2	10	10	3	7	18	4	14	3	1	2	No			Regular working day
EMP1002	Vivaan	Iyer	vivaan.iyer002@smartnavigator.com	9000027582	Information Technology	Backend Developer	Rahul Verma	Bengaluru	Hybrid	Active	1.2	3.1	SQL; Git; API; Linux	AWS Cloud Practitioner; GitHub Foundations	2026-06-19	09:05	17:45	Present	8.67	Bengaluru	12	4	8	10	6	4	18	8	10	3	2	1	No			Completed daily tasks
EMP1003	Aditya	Mehta	aditya.mehta003@smartnavigator.com	9000041373	Human Resources	HR Business Partner	Sneha Reddy	Chennai	Office	Active	1.6	3.3	Recruitment; Onboarding; Payroll; Employee Relations	Talent Acquisition Basics; Payroll Management	2026-06-19	09:15	18:00	Present	8.75	Chennai	12	6	6	10	1	9	18	12	6	3	0	3	No			Client follow-up completed
EMP1004	Vihaan	Agarwal	vihaan.agarwal004@smartnavigator.com	9000055164	Finance	Audit Associate	Arvind Kumar	Pune	Remote	Active	2.0	3.5	Tally; GST; Budgeting; Financial Reporting	Tally Prime; GST Certification	2026-06-19	09:25	17:55	Present	8.50	Home	12	8	4	10	4	6	18	1	17	3	1	2	No			Team meeting attended
EMP1005	Arjun	Chandra	arjun.chandra005@smartnavigator.com	9000068955	Sales	Sales Executive	Neha Sharma	Mumbai	Office	Active	2.4	3.6	Negotiation; Salesforce; Communication; Market Research	Salesforce Trailhead; Business Development Basics	2026-06-19	09:35	18:10	Present	8.58	Mumbai	12	0	12	10	7	3	18	5	13	3	2	1	No			Working on assigned project
EMP1006	Sai	Gupta	sai.gupta006@smartnavigator.com	9000082746	Marketing	SEO Analyst	Vikram Singh	Delhi	Remote	Active	2.7	3.8	SEO; Google Analytics; Content Writing; Canva	Google Analytics Certification; Digital Marketing Fundamentals	2026-06-19	08:45	17:25	Present	8.67	Home	12	2	10	10	2	8	18	9	9	3	0	3	No			Report submission done
EMP1007	Reyansh	Chowdhury	reyansh.chowdhury007@smartnavigator.com	9000096537	Operations	Operations Analyst	Meena Iyer	Noida	Hybrid	Active	3.1	4.0	Excel; Inventory; Vendor Management; MIS Reporting	Operations Management Basics; Supply Chain Fundamentals	2026-06-19			On Leave	0.00	On Leave	12	4	8	10	5	5	18	13	5	3	2	1	Yes	2026-06-21	Floating Holiday	Floating Holiday approved
EMP1008	Ayaan	Khan	ayaan.khan008@smartnavigator.com	9000110328	Customer Support	Helpdesk Coordinator	Suresh Rao	Kochi	Office	Active	3.5	4.2	Ticketing Tools; Communication; Escalation Management; Customer Handling	Customer Service Excellence; CRM Basics	2026-06-19	09:05	17:35	Present	8.50	Kochi	12	6	6	10	0	10	18	2	16	3	2	1	No			High priority task handled
EMP1009	Krishna	Menon	krishna.menon009@smartnavigator.com	9000124119	Product	Product Associate	Kavya Nair	Kolkata	Remote	Active	3.8	4.3	Product Research; Jira; SQL; Wireframing	Agile Scrum Foundation; Business Analysis Fundamentals	2026-06-19	09:15	17:50	Present	8.58	Home	12	8	4	10	3	7	18	6	12	3	0	3	No			System access updated
EMP1010	Ishaan	Kumar	ishaan.kumar010@smartnavigator.com	9000137910	Administration	Facilities Coordinator	Amit Gupta	Visakhapatnam	Office	Active	4.2	4.5	Vendor Coordination; Facilities; Procurement; Documentation	Office Administration; Procurement Basics	2026-06-19	09:25	18:05	Present	8.67	Visakhapatnam	12	0	12	10	6	4	18	10	8	3	1	2	No			Monthly review pending
EMP1011	Shaurya	Yadav	shaurya.yadav011@smartnavigator.com	9000151701	Data Analytics	Data Analyst	Priya Menon	Hyderabad	Remote	Active	4.6	4.7	Power BI; Python; Tableau; Data Cleaning	Google Data Analytics; SQL Intermediate	2026-06-19	10:45	19:05	Late	8.33	Home	12	2	10	10	1	9	18	14	4	3	2	1	No			Regular working day
EMP1012	Atharv	Naidu	atharv.naidu012@smartnavigator.com	9000165492	Information Technology	Backend Developer	Rahul Verma	Bengaluru	Hybrid	Active	4.9	4.8	Python; JavaScript; SQL; Git	AWS Cloud Practitioner; GitHub Foundations	2026-06-19	08:45	17:15	Present	8.50	Bengaluru	12	4	8	10	4	6	18	3	15	3	0	3	No			Completed daily tasks
EMP1013	Kabir	Malhotra	kabir.malhotra013@smartnavigator.com	9000179283	Human Resources	HR Executive	Sneha Reddy	Chennai	Office	Active	5.3	2.8	Onboarding; Payroll; Employee Relations; HRMS	Talent Acquisition Basics; Payroll Management	2026-06-19			On Leave	0.00	On Leave	12	6	6	10	8	2	18	7	11	3	1	2	Yes	2026-06-21	Sick Leave	Sick Leave approved
EMP1014	Dhruv	Reddy	dhruv.reddy014@smartnavigator.com	9000193074	Finance	Accounts Executive	Arvind Kumar	Pune	Remote	Active	5.7	3.0	GST; Budgeting; Financial Reporting; Audit	Tally Prime; GST Certification	2026-06-19	09:05	17:45	Present	8.67	Home	12	8	4	10	2	8	18	11	7	3	2	1	No			Team meeting attended
EMP1015	Rudra	Rao	rudra.rao015@smartnavigator.com	9000206865	Sales	Business Development Executive	Neha Sharma	Mumbai	Office	Active	6.0	3.1	CRM; Lead Generation; Negotiation; Salesforce	Salesforce Trailhead; Business Development Basics	2026-06-19	09:15	18:00	Present	8.75	Mumbai	12	0	12	10	5	5	18	0	18	3	0	3	No			Working on assigned project
EMP1016	Nikhil	Joshi	nikhil.joshi016@smartnavigator.com	9000220656	Marketing	Digital Marketing Associate	Vikram Singh	Delhi	Remote	Active	6.4	3.3	Google Analytics; Content Writing; Canva; Social Media	Google Analytics Certification; Digital Marketing Fundamentals	2026-06-19	09:25	17:55	Present	8.50	Home	12	2	10	10	0	10	18	4	14	3	1	2	No			Report submission done
EMP1017	Karthik	Bose	karthik.bose017@smartnavigator.com	9000234447	Operations	Operations Executive	Meena Iyer	Noida	Hybrid	Active	6.8	3.5	Inventory; Vendor Management; MIS Reporting; Coordination	Operations Management Basics; Supply Chain Fundamentals	2026-06-19	09:55	14:10	Half Day	4.25	Home	12	4	8	10	3	7	18	8	10	3	2	1	No			Training session attended
EMP1018	Rohan	Varma	rohan.varma018@smartnavigator.com	9000248238	Customer Support	Support Specialist	Suresh Rao	Kochi	Office	Active	7.2	3.7	Customer Handling; CRM; Ticketing Tools; Communication	Customer Service Excellence; CRM Basics	2026-06-19	08:45	17:25	Present	8.67	Kochi	12	6	6	10	6	4	18	12	6	3	0	3	No			High priority task handled
EMP1019	Manav	Nair	manav.nair019@smartnavigator.com	9000262029	Product	Business Analyst	Kavya Nair	Kolkata	Remote	Active	7.5	3.8	Jira; SQL; Wireframing; User Stories	Agile Scrum Foundation; Business Analysis Fundamentals	2026-06-19			On Leave	0.00	On Leave	12	8	4	10	1	9	18	1	17	3	2	1	Yes	2026-06-21	Floating Holiday	Floating Holiday approved
EMP1020	Yash	Das	yash.das020@smartnavigator.com	9000275820	Administration	Procurement Executive	Amit Gupta	Visakhapatnam	Office	Active	7.9	4.0	Facilities; Procurement; Documentation; MS Office	Office Administration; Procurement Basics	2026-06-19	09:05	17:35	Present	8.50	Visakhapatnam	12	0	12	10	4	6	18	5	13	3	2	1	No			Monthly review pending
EMP1021	Ananya	Kapoor	ananya.kapoor021@smartnavigator.com	9000289611	Data Analytics	Data Analyst	Priya Menon	Hyderabad	Remote	Active	8.3	4.2	Excel; SQL; Power BI; Python	Google Data Analytics; SQL Intermediate	2026-06-19	09:15	17:50	Present	8.58	Home	12	2	10	10	7	3	18	9	9	3	0	3	No			Regular working day
EMP1022	Diya	Kulkarni	diya.kulkarni022@smartnavigator.com	9000303402	Information Technology	Backend Developer	Rahul Verma	Bengaluru	Hybrid	Active	8.6	4.3	JavaScript; SQL; Git; API	AWS Cloud Practitioner; GitHub Foundations	2026-06-19	10:35	18:55	Late	8.33	Bengaluru	12	4	8	10	2	8	18	13	5	3	1	2	No			Completed daily tasks
EMP1023	Aadhya	Singh	aadhya.singh023@smartnavigator.com	9000317193	Human Resources	HR Business Partner	Sneha Reddy	Chennai	Office	Active	9.0	4.5	Payroll; Employee Relations; HRMS; Communication	Talent Acquisition Basics; Payroll Management	2026-06-19	09:35	18:20	Present	8.75	Chennai	12	6	6	10	5	5	18	2	16	3	2	1	No			Client follow-up completed
EMP1024	Ira	Mishra	ira.mishra024@smartnavigator.com	9000330984	Finance	Audit Associate	Arvind Kumar	Pune	Remote	Active	9.4	4.7	Excel; Tally; GST; Budgeting	Tally Prime; GST Certification	2026-06-19	08:45	17:15	Present	8.50	Home	12	8	4	10	0	10	18	6	12	3	0	3	No			Team meeting attended
EMP1025	Anika	Pillai	anika.pillai025@smartnavigator.com	9000344775	Sales	Sales Executive	Neha Sharma	Mumbai	Office	Active	9.8	4.8	Lead Generation; Negotiation; Salesforce; Communication	Salesforce Trailhead; Business Development Basics	2026-06-19	08:55	17:30	Present	8.58	Mumbai	12	0	12	10	3	7	18	10	8	3	1	2	No			Working on assigned project
EMP1026	Prisha	Shetty	prisha.shetty026@smartnavigator.com	9000358566	Marketing	SEO Analyst	Vikram Singh	Delhi	Remote	Active	0.6	2.8	Content Writing; Canva; Social Media; Email Marketing	Google Analytics Certification; Digital Marketing Fundamentals	2026-06-19			On Leave	0.00	On Leave	12	2	10	10	6	4	18	15	3	3	2	1	Yes	2026-06-22	Privilege Leave	Privilege Leave approved
EMP1027	Riya	Patel	riya.patel027@smartnavigator.com	9000372357	Operations	Operations Analyst	Meena Iyer	Noida	Hybrid	Active	1.0	3.0	Process Improvement; Excel; Inventory; Vendor Management	Operations Management Basics; Supply Chain Fundamentals	2026-06-19	09:15	18:00	Present	8.75	Home	12	4	8	10	1	9	18	3	15	3	0	3	No			Training session attended
EMP1028	Saanvi	Verma	saanvi.verma028@smartnavigator.com	9000386148	Customer Support	Helpdesk Coordinator	Suresh Rao	Kochi	Office	Active	1.4	3.2	CRM; Ticketing Tools; Communication; Escalation Management	Customer Service Excellence; CRM Basics	2026-06-19	09:25	17:55	Present	8.50	Kochi	12	6	6	10	4	6	18	7	11	3	1	2	No			High priority task handled
EMP1029	Myra	Gowda	myra.gowda029@smartnavigator.com	9000399939	Product	Product Associate	Kavya Nair	Kolkata	Remote	Active	1.7	3.3	SQL; Wireframing; User Stories; Analytics	Agile Scrum Foundation; Business Analysis Fundamentals	2026-06-19	09:35	18:10	Present	8.58	Home	12	8	4	10	7	3	18	11	7	3	2	1	No			System access updated
EMP1030	Kiara	Saxena	kiara.saxena030@smartnavigator.com	9000413730	Administration	Facilities Coordinator	Amit Gupta	Visakhapatnam	Office	Active	2.1	3.5	MS Office; Vendor Coordination; Facilities; Procurement	Office Administration; Procurement Basics	2026-06-19	08:45	17:25	Present	8.67	Visakhapatnam	12	0	12	10	2	8	18	0	18	3	0	3	No			Monthly review pending
EMP1031	Meera	Sharma	meera.sharma031@smartnavigator.com	9000427521	Data Analytics	Data Analyst	Priya Menon	Hyderabad	Remote	Active	2.5	3.7	SQL; Power BI; Python; Tableau	Google Data Analytics; SQL Intermediate	2026-06-19	08:55	17:40	Present	8.75	Home	12	2	10	10	5	5	18	4	14	3	1	2	No			Regular working day
EMP1032	Aarohi	Iyer	aarohi.iyer032@smartnavigator.com	9000441312	Information Technology	Backend Developer	Rahul Verma	Bengaluru	Hybrid	Active	2.8	3.8	SQL; Git; API; Linux	AWS Cloud Practitioner; GitHub Foundations	2026-06-19	09:05	17:35	Present	8.50	Bengaluru	12	4	8	10	0	10	18	8	10	3	2	1	No			Completed daily tasks
EMP1033	Isha	Mehta	isha.mehta033@smartnavigator.com	9000455103	Human Resources	HR Executive	Sneha Reddy	Chennai	Office	Active	3.2	4.0	Recruitment; Onboarding; Payroll; Employee Relations	Talent Acquisition Basics; Payroll Management	2026-06-19	10:25	18:45	Late	8.33	Chennai	12	6	6	10	3	7	18	12	6	3	0	3	No			Client follow-up completed
EMP1034	Tara	Agarwal	tara.agarwal034@smartnavigator.com	9000468894	Finance	Accounts Executive	Arvind Kumar	Pune	Remote	Active	3.6	4.2	Tally; GST; Budgeting; Financial Reporting	Tally Prime; GST Certification	2026-06-19			On Leave	0.00	On Leave	12	8	4	10	6	4	18	2	16	3	1	2	Yes	2026-06-21	Privilege Leave	Privilege Leave approved
EMP1035	Nitya	Chandra	nitya.chandra035@smartnavigator.com	9000482685	Sales	Business Development Executive	Neha Sharma	Mumbai	Office	Active	3.9	4.3	Negotiation; Salesforce; Communication; Market Research	Salesforce Trailhead; Business Development Basics	2026-06-19	09:35	18:20	Present	8.75	Mumbai	12	0	12	10	1	9	18	5	13	3	2	1	No			Working on assigned project
EMP1036	Avni	Gupta	avni.gupta036@smartnavigator.com	9000496476	Marketing	Digital Marketing Associate	Vikram Singh	Delhi	Remote	Active	4.3	4.5	SEO; Google Analytics; Content Writing; Canva	Google Analytics Certification; Digital Marketing Fundamentals	2026-06-19	08:45	17:15	Present	8.50	Home	12	2	10	10	4	6	18	9	9	3	0	3	No			Report submission done
EMP1037	Srinivas	Chowdhury	srinivas.chowdhury037@smartnavigator.com	9000510267	Operations	Operations Executive	Meena Iyer	Noida	Hybrid	Active	4.7	4.7	Excel; Inventory; Vendor Management; MIS Reporting	Operations Management Basics; Supply Chain Fundamentals	2026-06-19	08:55	17:30	Present	8.58	Home	12	4	8	10	7	3	18	13	5	3	1	2	No			Training session attended
EMP1038	Nandini	Khan	nandini.khan038@smartnavigator.com	9000524058	Customer Support	Support Specialist	Suresh Rao	Kochi	Office	Active	5.1	4.9	Ticketing Tools; Communication; Escalation Management; Customer Handling	Customer Service Excellence; CRM Basics	2026-06-19	09:05	17:45	Present	8.67	Kochi	12	6	6	10	2	8	18	2	16	3	2	1	No			High priority task handled
EMP1039	Charan	Menon	charan.menon039@smartnavigator.com	9000537849	Product	Business Analyst	Kavya Nair	Kolkata	Remote	Active	5.4	2.8	Product Research; Jira; SQL; Wireframing	Agile Scrum Foundation; Business Analysis Fundamentals	2026-06-19	09:15	18:00	Present	8.75	Home	12	8	4	10	5	5	18	6	12	3	0	3	No			System access updated
EMP1040	Harini	Kumar	harini.kumar040@smartnavigator.com	9000551640	Administration	Procurement Executive	Amit Gupta	Visakhapatnam	Office	Active	5.8	3.0	Vendor Coordination; Facilities; Procurement; Documentation	Office Administration; Procurement Basics	2026-06-19	09:25	17:55	Present	8.50	Visakhapatnam	12	0	12	10	0	10	18	10	8	3	1	2	No			Monthly review pending
EMP1041	Aarav	Yadav	aarav.yadav041@smartnavigator.com	9000565431	Data Analytics	Data Analyst	Priya Menon	Hyderabad	Remote	Active	6.2	3.2	Power BI; Python; Tableau; Data Cleaning	Google Data Analytics; SQL Intermediate	2026-06-19			On Leave	0.00	On Leave	12	2	10	10	4	6	18	14	4	3	2	1	Yes	2026-06-22	Sick Leave	Sick Leave approved
EMP1042	Vivaan	Naidu	vivaan.naidu042@smartnavigator.com	9000579222	Information Technology	Backend Developer	Rahul Verma	Bengaluru	Hybrid	Active	6.5	3.3	Python; JavaScript; SQL; Git	AWS Cloud Practitioner; GitHub Foundations	2026-06-19	08:45	17:25	Present	8.67	Bengaluru	12	4	8	10	6	4	18	3	15	3	0	3	No			Completed daily tasks
EMP1043	Aditya	Malhotra	aditya.malhotra043@smartnavigator.com	9000593013	Human Resources	HR Business Partner	Sneha Reddy	Chennai	Office	Active	6.9	3.5	Onboarding; Payroll; Employee Relations; HRMS	Talent Acquisition Basics; Payroll Management	2026-06-19	08:55	17:40	Present	8.75	Chennai	12	6	6	10	1	9	18	7	11	3	1	2	No			Client follow-up completed
EMP1044	Vihaan	Reddy	vihaan.reddy044@smartnavigator.com	9000606804	Finance	Audit Associate	Arvind Kumar	Pune	Remote	Active	7.3	3.7	GST; Budgeting; Financial Reporting; Audit	Tally Prime; GST Certification	2026-06-19	10:15	18:35	Late	8.33	Home	12	8	4	10	4	6	18	11	7	3	2	1	No			Team meeting attended
EMP1045	Arjun	Rao	arjun.rao045@smartnavigator.com	9000620595	Sales	Sales Executive	Neha Sharma	Mumbai	Office	Active	7.6	3.8	CRM; Lead Generation; Negotiation; Salesforce	Salesforce Trailhead; Business Development Basics	2026-06-19	09:15	17:50	Present	8.58	Mumbai	12	0	12	10	7	3	18	0	18	3	0	3	No			Working on assigned project
EMP1046	Sai	Joshi	sai.joshi046@smartnavigator.com	9000634386	Marketing	SEO Analyst	Vikram Singh	Delhi	Remote	Active	8.0	4.0	Google Analytics; Content Writing; Canva; Social Media	Google Analytics Certification; Digital Marketing Fundamentals	2026-06-19	09:25	18:05	Present	8.67	Home	12	2	10	10	2	8	18	4	14	3	1	2	No			Report submission done
EMP1047	Reyansh	Bose	reyansh.bose047@smartnavigator.com	9000648177	Operations	Operations Analyst	Meena Iyer	Noida	Hybrid	Active	8.4	4.2	Inventory; Vendor Management; MIS Reporting; Coordination	Operations Management Basics; Supply Chain Fundamentals	2026-06-19	09:35	18:20	Present	8.75	Home	12	4	8	10	5	5	18	8	10	3	2	1	No			Training session attended
EMP1048	Ayaan	Varma	ayaan.varma048@smartnavigator.com	9000661968	Customer Support	Helpdesk Coordinator	Suresh Rao	Kochi	Office	Active	8.8	4.4	Customer Handling; CRM; Ticketing Tools; Communication	Customer Service Excellence; CRM Basics	2026-06-19	08:45	17:15	Present	8.50	Kochi	12	6	6	10	0	10	18	12	6	3	0	3	No			High priority task handled
EMP1049	Krishna	Nair	krishna.nair049@smartnavigator.com	9000675759	Product	Product Associate	Kavya Nair	Kolkata	Remote	Active	9.1	4.5	Jira; SQL; Wireframing; User Stories	Agile Scrum Foundation; Business Analysis Fundamentals	2026-06-19	08:55	17:30	Present	8.58	Home	12	8	4	10	3	7	18	1	17	3	1	2	No			System access updated
EMP1050	Ishaan	Das	ishaan.das050@smartnavigator.com	9000689550	Administration	Facilities Coordinator	Amit Gupta	Visakhapatnam	Office	Active	9.5	4.7	Facilities; Procurement; Documentation; MS Office	Office Administration; Procurement Basics	2026-06-19	09:05	17:45	Present	8.67	Visakhapatnam	12	0	12	10	6	4	18	5	13	3	2	1	No			Monthly review pending
EMP1051	Shaurya	Kapoor	shaurya.kapoor051@smartnavigator.com	9000703341	Data Analytics	Data Analyst	Priya Menon	Hyderabad	Remote	Active	9.9	4.9	Excel; SQL; Power BI; Python	Google Data Analytics; SQL Intermediate	2026-06-19	09:50	14:05	Half Day	4.25	Home	12	2	10	10	1	9	18	9	9	3	0	3	No			Regular working day
EMP1052	Atharv	Kulkarni	atharv.kulkarni052@smartnavigator.com	9000717132	Information Technology	Backend Developer	Rahul Verma	Bengaluru	Hybrid	Active	0.7	2.8	JavaScript; SQL; Git; API	AWS Cloud Practitioner; GitHub Foundations	2026-06-19	09:25	17:55	Present	8.50	Bengaluru	12	4	8	10	4	6	18	13	5	3	1	2	No			Completed daily tasks
EMP1053	Kabir	Singh	kabir.singh053@smartnavigator.com	9000730923	Human Resources	HR Executive	Sneha Reddy	Chennai	Office	Active	1.1	3.0	Payroll; Employee Relations; HRMS; Communication	Talent Acquisition Basics; Payroll Management	2026-06-19	09:35	18:10	Present	8.58	Chennai	12	6	6	10	7	3	18	2	16	3	2	1	No			Client follow-up completed
EMP1054	Dhruv	Mishra	dhruv.mishra054@smartnavigator.com	9000744714	Finance	Accounts Executive	Arvind Kumar	Pune	Remote	Active	1.5	3.2	Excel; Tally; GST; Budgeting	Tally Prime; GST Certification	2026-06-19	08:45	17:25	Present	8.67	Home	12	8	4	10	2	8	18	6	12	3	0	3	No			Team meeting attended
EMP1055	Rudra	Pillai	rudra.pillai055@smartnavigator.com	9000758505	Sales	Business Development Executive	Neha Sharma	Mumbai	Office	Active	1.9	3.4	Lead Generation; Negotiation; Salesforce; Communication	Salesforce Trailhead; Business Development Basics	2026-06-19			On Leave	0.00	On Leave	12	0	12	10	5	5	18	10	8	3	2	1	Yes	2026-06-21	Floating Holiday	Floating Holiday approved
EMP1056	Nikhil	Shetty	nikhil.shetty056@smartnavigator.com	9000772296	Marketing	Digital Marketing Associate	Vikram Singh	Delhi	Remote	Active	2.2	3.5	Content Writing; Canva; Social Media; Email Marketing	Google Analytics Certification; Digital Marketing Fundamentals	2026-06-19	09:05	17:35	Present	8.50	Home	12	2	10	10	0	10	18	14	4	3	2	1	No			Report submission done
EMP1057	Karthik	Patel	karthik.patel057@smartnavigator.com	9000786087	Operations	Operations Executive	Meena Iyer	Noida	Hybrid	Active	2.6	3.7	Process Improvement; Excel; Inventory; Vendor Management	Operations Management Basics; Supply Chain Fundamentals	2026-06-19	09:15	17:50	Present	8.58	Home	12	4	8	10	3	7	18	3	15	3	0	3	No			Training session attended
EMP1058	Rohan	Verma	rohan.verma058@smartnavigator.com	9000799878	Customer Support	Support Specialist	Suresh Rao	Kochi	Office	Active	3.0	3.9	CRM; Ticketing Tools; Communication; Escalation Management	Customer Service Excellence; CRM Basics	2026-06-19	09:25	18:05	Present	8.67	Kochi	12	6	6	10	6	4	18	7	11	3	1	2	No			High priority task handled
EMP1059	Manav	Gowda	manav.gowda059@smartnavigator.com	9000813669	Product	Business Analyst	Kavya Nair	Kolkata	Remote	Active	3.3	4.0	SQL; Wireframing; User Stories; Analytics	Agile Scrum Foundation; Business Analysis Fundamentals	2026-06-19	09:35	18:20	Present	8.75	Home	12	8	4	10	1	9	18	11	7	3	2	1	No			System access updated
EMP1060	Yash	Saxena	yash.saxena060@smartnavigator.com	9000827460	Administration	Procurement Executive	Amit Gupta	Visakhapatnam	Office	Active	3.7	4.2	MS Office; Vendor Coordination; Facilities; Procurement	Office Administration; Procurement Basics	2026-06-19	08:45	17:15	Present	8.50	Visakhapatnam	12	0	12	10	4	6	18	0	18	3	0	3	No			Monthly review pending
EMP1061	Ananya	Sharma	ananya.sharma061@smartnavigator.com	9000841251	Data Analytics	Data Analyst	Priya Menon	Hyderabad	Remote	Active	4.1	4.4	SQL; Power BI; Python; Tableau	Google Data Analytics; SQL Intermediate	2026-06-19	08:55	17:30	Present	8.58	Home	12	2	10	10	7	3	18	4	14	3	1	2	No			Regular working day
EMP1062	Diya	Iyer	diya.iyer062@smartnavigator.com	9000855042	Information Technology	Backend Developer	Rahul Verma	Bengaluru	Hybrid	Active	4.4	4.5	SQL; Git; API; Linux	AWS Cloud Practitioner; GitHub Foundations	2026-06-19	09:05	17:45	Present	8.67	Bengaluru	12	4	8	10	2	8	18	8	10	3	2	1	No			Completed daily tasks
EMP1063	Aadhya	Mehta	aadhya.mehta063@smartnavigator.com	9000868833	Human Resources	HR Business Partner	Sneha Reddy	Chennai	Office	Active	4.8	4.7	Recruitment; Onboarding; Payroll; Employee Relations	Talent Acquisition Basics; Payroll Management	2026-06-19			On Leave	0.00	On Leave	12	6	6	10	5	5	18	12	6	3	1	2	Yes	2026-06-20	Floating Holiday	Floating Holiday approved
EMP1064	Ira	Agarwal	ira.agarwal064@smartnavigator.com	9000882624	Finance	Audit Associate	Arvind Kumar	Pune	Remote	Active	5.2	4.9	Tally; GST; Budgeting; Financial Reporting	Tally Prime; GST Certification	2026-06-19	09:25	17:55	Present	8.50	Home	12	8	4	10	0	10	18	1	17	3	1	2	No			Team meeting attended
EMP1065	Anika	Chandra	anika.chandra065@smartnavigator.com	9000896415	Sales	Sales Executive	Neha Sharma	Mumbai	Office	Active	5.6	2.8	Negotiation; Salesforce; Communication; Market Research	Salesforce Trailhead; Business Development Basics	2026-06-19	09:35	18:10	Present	8.58	Mumbai	12	0	12	10	3	7	18	5	13	3	2	1	No			Working on assigned project
EMP1066	Prisha	Gupta	prisha.gupta066@smartnavigator.com	9000910206	Marketing	SEO Analyst	Vikram Singh	Delhi	Remote	Active	5.9	3.0	SEO; Google Analytics; Content Writing; Canva	Google Analytics Certification; Digital Marketing Fundamentals	2026-06-19	10:35	18:55	Late	8.33	Home	12	2	10	10	6	4	18	9	9	3	0	3	No			Report submission done
EMP1067	Riya	Chowdhury	riya.chowdhury067@smartnavigator.com	9000923997	Operations	Operations Analyst	Meena Iyer	Noida	Hybrid	Active	6.3	3.2	Excel; Inventory; Vendor Management; MIS Reporting	Operations Management Basics; Supply Chain Fundamentals	2026-06-19	08:55	17:40	Present	8.75	Home	12	4	8	10	1	9	18	13	5	3	1	2	No			Training session attended
EMP1068	Saanvi	Khan	saanvi.khan068@smartnavigator.com	9000937788	Customer Support	Helpdesk Coordinator	Suresh Rao	Kochi	Office	Active	6.7	3.4	Ticketing Tools; Communication; Escalation Management; Customer Handling	Customer Service Excellence; CRM Basics	2026-06-19	10:00	14:15	Half Day	4.25	Kochi	12	6	6	10	4	6	18	2	16	3	2	1	No			High priority task handled
EMP1069	Myra	Menon	myra.menon069@smartnavigator.com	9000951579	Product	Product Associate	Kavya Nair	Kolkata	Remote	Active	7.0	3.5	Product Research; Jira; SQL; Wireframing	Agile Scrum Foundation; Business Analysis Fundamentals	2026-06-19	09:15	17:50	Present	8.58	Home	12	8	4	10	7	3	18	6	12	3	0	3	No			System access updated
EMP1070	Kiara	Kumar	kiara.kumar070@smartnavigator.com	9000965370	Administration	Facilities Coordinator	Amit Gupta	Visakhapatnam	Office	Active	7.4	3.7	Vendor Coordination; Facilities; Procurement; Documentation	Office Administration; Procurement Basics	2026-06-19	09:25	18:05	Present	8.67	Visakhapatnam	12	0	12	10	2	8	18	10	8	3	1	2	No			Monthly review pending
EMP1071	Meera	Yadav	meera.yadav071@smartnavigator.com	9000979161	Data Analytics	Data Analyst	Priya Menon	Hyderabad	Remote	Active	7.8	3.9	Power BI; Python; Tableau; Data Cleaning	Google Data Analytics; SQL Intermediate	2026-06-19	09:35	18:20	Present	8.75	Home	12	2	10	10	5	5	18	14	4	3	2	1	No			Regular working day
EMP1072	Aarohi	Naidu	aarohi.naidu072@smartnavigator.com	9000992952	Information Technology	Backend Developer	Rahul Verma	Bengaluru	Hybrid	Active	8.1	4.0	Python; JavaScript; SQL; Git	AWS Cloud Practitioner; GitHub Foundations	2026-06-19			On Leave	0.00	On Leave	12	5	7	10	0	10	18	3	15	3	0	3	Yes	2026-06-20	Casual Leave	Casual Leave approved
EMP1073	Isha	Malhotra	isha.malhotra073@smartnavigator.com	9001006743	Human Resources	HR Executive	Sneha Reddy	Chennai	Office	Active	8.5	4.2	Onboarding; Payroll; Employee Relations; HRMS	Talent Acquisition Basics; Payroll Management	2026-06-19	08:55	17:30	Present	8.58	Chennai	12	6	6	10	3	7	18	7	11	3	1	2	No			Client follow-up completed
EMP1074	Tara	Reddy	tara.reddy074@smartnavigator.com	9001020534	Finance	Accounts Executive	Arvind Kumar	Pune	Remote	Active	8.9	4.4	GST; Budgeting; Financial Reporting; Audit	Tally Prime; GST Certification	2026-06-19	09:05	17:45	Present	8.67	Home	12	8	4	10	6	4	18	11	7	3	2	1	No			Team meeting attended
EMP1075	Nitya	Rao	nitya.rao075@smartnavigator.com	9001034325	Sales	Business Development Executive	Neha Sharma	Mumbai	Office	Active	9.2	4.6	CRM; Lead Generation; Negotiation; Salesforce	Salesforce Trailhead; Business Development Basics	2026-06-19	09:15	18:00	Present	8.75	Mumbai	12	0	12	10	1	9	18	0	18	3	0	3	No			Working on assigned project
EMP1076	Avni	Joshi	avni.joshi076@smartnavigator.com	9001048116	Marketing	Digital Marketing Associate	Vikram Singh	Delhi	Remote	Active	9.6	4.7	Google Analytics; Content Writing; Canva; Social Media	Google Analytics Certification; Digital Marketing Fundamentals	2026-06-19	09:25	17:55	Present	8.50	Home	12	2	10	10	4	6	18	4	14	3	1	2	No			Report submission done
EMP1077	Srinivas	Bose	srinivas.bose077@smartnavigator.com	9001061907	Operations	Operations Executive	Meena Iyer	Noida	Hybrid	Active	10.0	4.9	Inventory; Vendor Management; MIS Reporting; Coordination	Operations Management Basics; Supply Chain Fundamentals	2026-06-19	10:25	18:45	Late	8.33	Home	12	4	8	10	7	3	18	8	10	3	2	1	No			Training session attended
EMP1078	Nandini	Varma	nandini.varma078@smartnavigator.com	9001075698	Customer Support	Support Specialist	Suresh Rao	Kochi	Office	Active	0.9	2.9	Customer Handling; CRM; Ticketing Tools; Communication	Customer Service Excellence; CRM Basics	2026-06-19	08:45	17:25	Present	8.67	Kochi	12	6	6	10	2	8	18	12	6	3	0	3	No			High priority task handled
EMP1079	Charan	Nair	charan.nair079@smartnavigator.com	9001089489	Product	Business Analyst	Kavya Nair	Kolkata	Remote	Active	1.2	3.0	Jira; SQL; Wireframing; User Stories	Agile Scrum Foundation; Business Analysis Fundamentals	2026-06-19	08:55	17:40	Present	8.75	Home	12	8	4	10	5	5	18	1	17	3	1	2	No			System access updated
EMP1080	Harini	Das	harini.das080@smartnavigator.com	9001103280	Administration	Procurement Executive	Amit Gupta	Visakhapatnam	Office	Active	1.6	3.2	Facilities; Procurement; Documentation; MS Office	Office Administration; Procurement Basics	2026-06-19	09:05	17:35	Present	8.50	Visakhapatnam	12	0	12	10	0	10	18	5	13	3	2	1	No			Monthly review pending
EMP1081	Aarav	Kapoor	aarav.kapoor081@smartnavigator.com	9001117071	Data Analytics	Data Analyst	Priya Menon	Hyderabad	Remote	Active	2.0	3.4	Excel; SQL; Power BI; Python	Google Data Analytics; SQL Intermediate	2026-06-19			On Leave	0.00	On Leave	12	2	10	10	4	6	18	9	9	3	0	3	Yes	2026-06-20	Sick Leave	Sick Leave approved
EMP1082	Vivaan	Kulkarni	vivaan.kulkarni082@smartnavigator.com	9001130862	Information Technology	Backend Developer	Rahul Verma	Bengaluru	Hybrid	Active	2.3	3.5	JavaScript; SQL; Git; API	AWS Cloud Practitioner; GitHub Foundations	2026-06-19	09:25	18:05	Present	8.67	Bengaluru	12	4	8	10	6	4	18	13	5	3	1	2	No			Completed daily tasks
EMP1083	Aditya	Singh	aditya.singh083@smartnavigator.com	9001144653	Human Resources	HR Business Partner	Sneha Reddy	Chennai	Office	Active	2.7	3.7	Payroll; Employee Relations; HRMS; Communication	Talent Acquisition Basics; Payroll Management	2026-06-19	09:35	18:20	Present	8.75	Chennai	12	6	6	10	1	9	18	2	16	3	2	1	No			Client follow-up completed
EMP1084	Vihaan	Mishra	vihaan.mishra084@smartnavigator.com	9001158444	Finance	Audit Associate	Arvind Kumar	Pune	Remote	Active	3.1	3.9	Excel; Tally; GST; Budgeting	Tally Prime; GST Certification	2026-06-19	08:45	17:15	Present	8.50	Home	12	8	4	10	4	6	18	6	12	3	0	3	No			Team meeting attended
EMP1085	Arjun	Pillai	arjun.pillai085@smartnavigator.com	9001172235	Sales	Sales Executive	Neha Sharma	Mumbai	Office	Active	3.4	4.0	Lead Generation; Negotiation; Salesforce; Communication	Salesforce Trailhead; Business Development Basics	2026-06-19	09:45	14:00	Half Day	4.25	Mumbai	12	0	12	10	7	3	18	10	8	3	1	2	No			Working on assigned project
EMP1086	Sai	Shetty	sai.shetty086@smartnavigator.com	9001186026	Marketing	SEO Analyst	Vikram Singh	Delhi	Remote	Active	3.8	4.2	Content Writing; Canva; Social Media; Email Marketing	Google Analytics Certification; Digital Marketing Fundamentals	2026-06-19	09:05	17:45	Present	8.67	Home	12	2	10	10	2	8	18	14	4	3	2	1	No			Report submission done
EMP1087	Reyansh	Patel	reyansh.patel087@smartnavigator.com	9001199817	Operations	Operations Analyst	Meena Iyer	Noida	Hybrid	Active	4.2	4.4	Process Improvement; Excel; Inventory; Vendor Management	Operations Management Basics; Supply Chain Fundamentals	2026-06-19	09:15	18:00	Present	8.75	Home	12	4	8	10	5	5	18	3	15	3	0	3	No			Training session attended
EMP1088	Ayaan	Verma	ayaan.verma088@smartnavigator.com	9001213608	Customer Support	Helpdesk Coordinator	Suresh Rao	Kochi	Office	Active	4.6	4.6	CRM; Ticketing Tools; Communication; Escalation Management	Customer Service Excellence; CRM Basics	2026-06-19	10:15	18:35	Late	8.33	Kochi	12	6	6	10	0	10	18	7	11	3	1	2	No			High priority task handled
EMP1089	Krishna	Gowda	krishna.gowda089@smartnavigator.com	9001227399	Product	Product Associate	Kavya Nair	Kolkata	Remote	Active	4.9	4.7	SQL; Wireframing; User Stories; Analytics	Agile Scrum Foundation; Business Analysis Fundamentals	2026-06-19	09:35	18:10	Present	8.58	Home	12	8	4	10	3	7	18	11	7	3	2	1	No			System access updated
EMP1090	Ishaan	Saxena	ishaan.saxena090@smartnavigator.com	9001241190	Administration	Facilities Coordinator	Amit Gupta	Visakhapatnam	Office	Active	5.3	4.9	MS Office; Vendor Coordination; Facilities; Procurement	Office Administration; Procurement Basics	2026-06-19			On Leave	0.00	On Leave	12	0	12	10	6	4	18	1	17	3	0	3	Yes	2026-06-20	Privilege Leave	Privilege Leave approved
EMP1091	Shaurya	Sharma	shaurya.sharma091@smartnavigator.com	9001254981	Data Analytics	Data Analyst	Priya Menon	Hyderabad	Remote	Active	5.7	2.9	SQL; Power BI; Python; Tableau	Google Data Analytics; SQL Intermediate	2026-06-19	08:55	17:40	Present	8.75	Home	12	2	10	10	1	9	18	4	14	3	1	2	No			Regular working day
EMP1092	Atharv	Iyer	atharv.iyer092@smartnavigator.com	9001268772	Information Technology	Backend Developer	Rahul Verma	Bengaluru	Hybrid	Active	6.0	3.0	SQL; Git; API; Linux	AWS Cloud Practitioner; GitHub Foundations	2026-06-19	09:05	17:35	Present	8.50	Bengaluru	12	4	8	10	4	6	18	8	10	3	2	1	No			Completed daily tasks
EMP1093	Kabir	Mehta	kabir.mehta093@smartnavigator.com	9001282563	Human Resources	HR Executive	Sneha Reddy	Chennai	Office	Active	6.4	3.2	Recruitment; Onboarding; Payroll; Employee Relations	Talent Acquisition Basics; Payroll Management	2026-06-19	09:15	17:50	Present	8.58	Chennai	12	6	6	10	7	3	18	12	6	3	0	3	No			Client follow-up completed
EMP1094	Dhruv	Agarwal	dhruv.agarwal094@smartnavigator.com	9001296354	Finance	Accounts Executive	Arvind Kumar	Pune	Remote	Active	6.8	3.4	Tally; GST; Budgeting; Financial Reporting	Tally Prime; GST Certification	2026-06-19	09:25	18:05	Present	8.67	Home	12	8	4	10	2	8	18	1	17	3	1	2	No			Team meeting attended
EMP1095	Rudra	Chandra	rudra.chandra095@smartnavigator.com	9001310145	Sales	Business Development Executive	Neha Sharma	Mumbai	Office	Active	7.1	3.6	Negotiation; Salesforce; Communication; Market Research	Salesforce Trailhead; Business Development Basics	2026-06-19	09:35	18:20	Present	8.75	Mumbai	12	0	12	10	5	5	18	5	13	3	2	1	No			Working on assigned project
EMP1096	Nikhil	Gupta	nikhil.gupta096@smartnavigator.com	9001323936	Marketing	Digital Marketing Associate	Vikram Singh	Delhi	Remote	Active	7.5	3.7	SEO; Google Analytics; Content Writing; Canva	Google Analytics Certification; Digital Marketing Fundamentals	2026-06-19	08:45	17:15	Present	8.50	Home	12	2	10	10	0	10	18	9	9	3	0	3	No			Report submission done
EMP1097	Karthik	Chowdhury	karthik.chowdhury097@smartnavigator.com	9001337727	Operations	Operations Executive	Meena Iyer	Noida	Hybrid	Active	7.9	3.9	Excel; Inventory; Vendor Management; MIS Reporting	Operations Management Basics; Supply Chain Fundamentals	2026-06-19	08:55	17:30	Present	8.58	Home	12	4	8	10	3	7	18	13	5	3	1	2	No			Training session attended
EMP1098	Rohan	Khan	rohan.khan098@smartnavigator.com	9001351518	Customer Support	Support Specialist	Suresh Rao	Kochi	Office	Active	8.3	4.1	Ticketing Tools; Communication; Escalation Management; Customer Handling	Customer Service Excellence; CRM Basics	2026-06-19	09:05	17:45	Present	8.67	Kochi	12	6	6	10	6	4	18	2	16	3	2	1	No			High priority task handled
EMP1099	Manav	Menon	manav.menon099@smartnavigator.com	9001365309	Product	Business Analyst	Kavya Nair	Kolkata	Remote	Active	8.6	4.2	Product Research; Jira; SQL; Wireframing	Agile Scrum Foundation; Business Analysis Fundamentals	2026-06-19			On Leave	0.00	On Leave	12	8	4	10	1	9	18	6	12	3	1	2	Yes	2026-06-20	Floating Holiday	Floating Holiday approved
EMP1100	Yash	Kumar	yash.kumar100@smartnavigator.com	9001379100	Administration	Procurement Executive	Amit Gupta	Visakhapatnam	Office	Active	9.0	4.4	Vendor Coordination; Facilities; Procurement; Documentation	Office Administration; Procurement Basics	2026-06-19	09:25	17:55	Present	8.50	Visakhapatnam	12	0	12	10	4	6	18	10	8	3	1	2	No			Monthly review pending
